﻿<?xml version="1.0" encoding="utf-8"?>
<cheddar>
 <core_units>
  <core_unit id="id_1">
   <object_type>CORE_OBJECT_TYPE</object_type>
   <name>core1</name>
   <scheduling>
    <scheduling_parameters>
     <scheduler_type>POSIX_1003_HIGHEST_PRIORITY_FIRST_PROTOCOL</scheduler_type>
     <quantum>0</quantum>
     <preemptive_type>PREEMPTIVE</preemptive_type>
     <capacity>0</capacity>
     <period>0</period>
     <priority>0</priority>
     <start_time>0</start_time>
    </scheduling_parameters>
   </scheduling>
   <speed>0.00000</speed>
  </core_unit>
 </core_units>
 <processors>
  <mono_core_processor id="id_2">
   <object_type>PROCESSOR_OBJECT_TYPE</object_type>
   <name>cpu1</name>
   <processor_type>MONOCORE_TYPE</processor_type>
   <migration_type>NO_MIGRATION_TYPE</migration_type>
   <core ref="id_1">
   </core>
  </mono_core_processor>
 </processors>
 <address_spaces>
  <address_space id="id_3">
   <object_type>ADDRESS_SPACE_OBJECT_TYPE</object_type>
   <name>as1</name>
   <cpu_name>cpu1</cpu_name>
   <text_memory_size>0</text_memory_size>
   <stack_memory_size>0</stack_memory_size>
   <data_memory_size>0</data_memory_size>
   <heap_memory_size>0</heap_memory_size>
   <scheduling>
    <scheduling_parameters>
     <scheduler_type>NO_SCHEDULING_PROTOCOL</scheduler_type>
     <quantum>0</quantum>
     <preemptive_type>PREEMPTIVE</preemptive_type>
     <capacity>0</capacity>
     <period>0</period>
     <priority>0</priority>
     <start_time>0</start_time>
    </scheduling_parameters>
   </scheduling>
  </address_space>
 </address_spaces>
 <tasks>
  <periodic_task id="id_4">
   <object_type>TASK_OBJECT_TYPE</object_type>
   <name>T1</name>
   <task_type>PERIODIC_TYPE</task_type>
   <cpu_name>cpu1</cpu_name>
   <address_space_name>as1</address_space_name>
   <capacity>8</capacity>
   <deadline>31</deadline>
   <start_time>0</start_time>
   <priority>89</priority>
   <blocking_time>0</blocking_time>
   <policy>SCHED_FIFO</policy>
   <text_memory_size>0</text_memory_size>
   <stack_memory_size>0</stack_memory_size>
   <criticality>0</criticality>
   <context_switch_overhead>0</context_switch_overhead>
   <period>31</period>
   <jitter>0</jitter>
   <every>0</every>
  </periodic_task>
  <periodic_task id="id_5">
   <object_type>TASK_OBJECT_TYPE</object_type>
   <name>T2</name>
   <task_type>PERIODIC_TYPE</task_type>
   <cpu_name>cpu1</cpu_name>
   <address_space_name>as1</address_space_name>
   <capacity>8</capacity>
   <deadline>30</deadline>
   <start_time>2</start_time>
   <priority>90</priority>
   <blocking_time>0</blocking_time>
   <policy>SCHED_FIFO</policy>
   <text_memory_size>0</text_memory_size>
   <stack_memory_size>0</stack_memory_size>
   <criticality>0</criticality>
   <context_switch_overhead>0</context_switch_overhead>
   <period>30</period>
   <jitter>0</jitter>
   <every>0</every>
  </periodic_task>
 </tasks>
 <resources>
  <pcp_resource id="id_26">
   <object_type>RESOURCE_OBJECT_TYPE</object_type>
   <name>R1</name>
   <state>1</state>
   <size>0</size>
   <address>0</address>
   <protocol>PRIORITY_CEILING_PROTOCOL</protocol>
   <critical_sections>
    <task_name>T1</task_name>
    <critical_section>
     <task_begin>2</task_begin>
     <task_end>8</task_end>
    </critical_section>
    <task_name>T2</task_name>
    <critical_section>
     <task_begin>6</task_begin>
     <task_end>8</task_end>
    </critical_section>
   </critical_sections>
   <cpu_name>cpu1</cpu_name>
   <address_space_name>as1</address_space_name>
   <priority>0</priority>
   <priority_assignment>AUTOMATIC_ASSIGNMENT</priority_assignment>
  </pcp_resource>
  <pcp_resource id="id_27">
   <object_type>RESOURCE_OBJECT_TYPE</object_type>
   <name>R2</name>
   <state>1</state>
   <size>0</size>
   <address>0</address>
   <protocol>PRIORITY_CEILING_PROTOCOL</protocol>
   <critical_sections>
    <task_name>T1</task_name>
    <critical_section>
     <task_begin>4</task_begin>
     <task_end>8</task_end>
    </critical_section>
    <task_name>T2</task_name>
    <critical_section>
     <task_begin>2</task_begin>
     <task_end>8</task_end>
    </critical_section>
   </critical_sections>
   <cpu_name>cpu1</cpu_name>
   <address_space_name>as1</address_space_name>
   <priority>0</priority>
   <priority_assignment>AUTOMATIC_ASSIGNMENT</priority_assignment>
  </pcp_resource>
 </resources>
</cheddar>

