<?xml version="1.0" encoding="utf-8"?>
<event_table>
<modele_systeme_hors_trace>
One processor "cpu1" with one "core1" core component (with preemptive fixed priority scheduler compliant with POSIX 1003), and one Address Space component "as" associated to cpu1.

Task definition:
3 tasks periodic, synchronous, with the following attributes:
    Task T1 : Capacity = 2, Deadline = Period = 6, Start time = 0 ;
    Task T2 : Capacity = 8, Deadline = Period = 24, Start time = 0 ;
    Task T3 : Capacity = 4, Deadline = Period = 12, Start time = 0 ;
    Priority : Rate Monotonic.  
</modele_systeme_hors_trace>
 <mono_core_processor id="id_2">
  <object_type>PROCESSOR_OBJECT_TYPE</object_type>
  <name>cpu1</name>
  <processor_type>MONOCORE_TYPE</processor_type>
  <migration_type>NO_MIGRATION_TYPE</migration_type>
  <core ref="id_1">
  </core>
 </mono_core_processor>
 <scheduling_result>
  <has_error>FALSE</has_error>
  <result>
   <time_unit>0 </time_unit>
   <time_unit_event>
    <type_of_event>TASK_ACTIVATION</type_of_event>
    <activation_task ref="id_5">
    </activation_task>
   </time_unit_event>
   <time_unit>0 </time_unit>
   <time_unit_event>
    <type_of_event>TASK_ACTIVATION</type_of_event>
    <activation_task ref="id_6">
    </activation_task>
   </time_unit_event>
   <time_unit>0 </time_unit>
   <time_unit_event>
    <type_of_event>TASK_ACTIVATION</type_of_event>
    <activation_task ref="id_31">
    </activation_task>
   </time_unit_event>
   <time_unit>0 </time_unit>
   <time_unit_event>
    <type_of_event>START_OF_TASK_CAPACITY</type_of_event>
    <start_task ref="id_5">
    </start_task>
   </time_unit_event>
   <time_unit>0 </time_unit>
   <time_unit_event>
    <type_of_event>RUNNING_TASK</type_of_event>
    <running_core>core1</running_core>
    <running_task ref="id_5">
    </running_task>
    <current_priority>3</current_priority>
   </time_unit_event>
   <time_unit>1 </time_unit>
   <time_unit_event>
    <type_of_event>RUNNING_TASK</type_of_event>
    <running_core>core1</running_core>
    <running_task ref="id_5">
    </running_task>
    <current_priority>3</current_priority>
   </time_unit_event>
   <time_unit>2 </time_unit>
   <time_unit_event>
    <type_of_event>END_OF_TASK_CAPACITY</type_of_event>
    <end_task ref="id_5">
    </end_task>
   </time_unit_event>
   <time_unit>6 </time_unit>
   <time_unit_event>
    <type_of_event>TASK_ACTIVATION</type_of_event>
    <activation_task ref="id_5">
    </activation_task>
   </time_unit_event>
   <time_unit>2 </time_unit>
   <time_unit_event>
    <type_of_event>START_OF_TASK_CAPACITY</type_of_event>
    <start_task ref="id_31">
    </start_task>
   </time_unit_event>
   <time_unit>2 </time_unit>
   <time_unit_event>
    <type_of_event>RUNNING_TASK</type_of_event>
    <running_core>core1</running_core>
    <running_task ref="id_31">
    </running_task>
    <current_priority>2</current_priority>
   </time_unit_event>
   <time_unit>3 </time_unit>
   <time_unit_event>
    <type_of_event>RUNNING_TASK</type_of_event>
    <running_core>core1</running_core>
    <running_task ref="id_31">
    </running_task>
    <current_priority>2</current_priority>
   </time_unit_event>
   <time_unit>4 </time_unit>
   <time_unit_event>
    <type_of_event>RUNNING_TASK</type_of_event>
    <running_core>core1</running_core>
    <running_task ref="id_31">
    </running_task>
    <current_priority>2</current_priority>
   </time_unit_event>
   <time_unit>5 </time_unit>
   <time_unit_event>
    <type_of_event>RUNNING_TASK</type_of_event>
    <running_core>core1</running_core>
    <running_task ref="id_31">
    </running_task>
    <current_priority>2</current_priority>
   </time_unit_event>
   <time_unit>6 </time_unit>
   <time_unit_event>
    <type_of_event>END_OF_TASK_CAPACITY</type_of_event>
    <end_task ref="id_31">
    </end_task>
   </time_unit_event>
   <time_unit>12</time_unit>
   <time_unit_event>
    <type_of_event>TASK_ACTIVATION</type_of_event>
    <activation_task ref="id_31">
    </activation_task>
   </time_unit_event>
   <time_unit>6 </time_unit>
   <time_unit_event>
    <type_of_event>START_OF_TASK_CAPACITY</type_of_event>
    <start_task ref="id_5">
    </start_task>
   </time_unit_event>
   <time_unit>6 </time_unit>
   <time_unit_event>
    <type_of_event>RUNNING_TASK</type_of_event>
    <running_core>core1</running_core>
    <running_task ref="id_5">
    </running_task>
    <current_priority>3</current_priority>
   </time_unit_event>
   <time_unit>7 </time_unit>
   <time_unit_event>
    <type_of_event>RUNNING_TASK</type_of_event>
    <running_core>core1</running_core>
    <running_task ref="id_5">
    </running_task>
    <current_priority>3</current_priority>
   </time_unit_event>
   <time_unit>8 </time_unit>
   <time_unit_event>
    <type_of_event>END_OF_TASK_CAPACITY</type_of_event>
    <end_task ref="id_5">
    </end_task>
   </time_unit_event>
   <time_unit>12</time_unit>
   <time_unit_event>
    <type_of_event>TASK_ACTIVATION</type_of_event>
    <activation_task ref="id_5">
    </activation_task>
   </time_unit_event>
   <time_unit>8 </time_unit>
   <time_unit_event>
    <type_of_event>START_OF_TASK_CAPACITY</type_of_event>
    <start_task ref="id_6">
    </start_task>
   </time_unit_event>
   <time_unit>8 </time_unit>
   <time_unit_event>
    <type_of_event>RUNNING_TASK</type_of_event>
    <running_core>core1</running_core>
    <running_task ref="id_6">
    </running_task>
    <current_priority>1</current_priority>
   </time_unit_event>
   <time_unit>9 </time_unit>
   <time_unit_event>
    <type_of_event>RUNNING_TASK</type_of_event>
    <running_core>core1</running_core>
    <running_task ref="id_6">
    </running_task>
    <current_priority>1</current_priority>
   </time_unit_event>
   <time_unit>10</time_unit>
   <time_unit_event>
    <type_of_event>RUNNING_TASK</type_of_event>
    <running_core>core1</running_core>
    <running_task ref="id_6">
    </running_task>
    <current_priority>1</current_priority>
   </time_unit_event>
   <time_unit>11</time_unit>
   <time_unit_event>
    <type_of_event>RUNNING_TASK</type_of_event>
    <running_core>core1</running_core>
    <running_task ref="id_6">
    </running_task>
    <current_priority>1</current_priority>
   </time_unit_event>
   <time_unit>12</time_unit>
   <time_unit_event>
    <type_of_event>START_OF_TASK_CAPACITY</type_of_event>
    <start_task ref="id_5">
    </start_task>
   </time_unit_event>
   <time_unit>12</time_unit>
   <time_unit_event>
    <type_of_event>RUNNING_TASK</type_of_event>
    <running_core>core1</running_core>
    <running_task ref="id_5">
    </running_task>
    <current_priority>3</current_priority>
   </time_unit_event>
   <time_unit>13</time_unit>
   <time_unit_event>
    <type_of_event>RUNNING_TASK</type_of_event>
    <running_core>core1</running_core>
    <running_task ref="id_5">
    </running_task>
    <current_priority>3</current_priority>
   </time_unit_event>
   <time_unit>14</time_unit>
   <time_unit_event>
    <type_of_event>END_OF_TASK_CAPACITY</type_of_event>
    <end_task ref="id_5">
    </end_task>
   </time_unit_event>
   <time_unit>18</time_unit>
   <time_unit_event>
    <type_of_event>TASK_ACTIVATION</type_of_event>
    <activation_task ref="id_5">
    </activation_task>
   </time_unit_event>
   <time_unit>14</time_unit>
   <time_unit_event>
    <type_of_event>START_OF_TASK_CAPACITY</type_of_event>
    <start_task ref="id_31">
    </start_task>
   </time_unit_event>
   <time_unit>14</time_unit>
   <time_unit_event>
    <type_of_event>RUNNING_TASK</type_of_event>
    <running_core>core1</running_core>
    <running_task ref="id_31">
    </running_task>
    <current_priority>2</current_priority>
   </time_unit_event>
   <time_unit>15</time_unit>
   <time_unit_event>
    <type_of_event>RUNNING_TASK</type_of_event>
    <running_core>core1</running_core>
    <running_task ref="id_31">
    </running_task>
    <current_priority>2</current_priority>
   </time_unit_event>
   <time_unit>16</time_unit>
   <time_unit_event>
    <type_of_event>RUNNING_TASK</type_of_event>
    <running_core>core1</running_core>
    <running_task ref="id_31">
    </running_task>
    <current_priority>2</current_priority>
   </time_unit_event>
   <time_unit>17</time_unit>
   <time_unit_event>
    <type_of_event>RUNNING_TASK</type_of_event>
    <running_core>core1</running_core>
    <running_task ref="id_31">
    </running_task>
    <current_priority>2</current_priority>
   </time_unit_event>
   <time_unit>18</time_unit>
   <time_unit_event>
    <type_of_event>END_OF_TASK_CAPACITY</type_of_event>
    <end_task ref="id_31">
    </end_task>
   </time_unit_event>
   <time_unit>24</time_unit>
   <time_unit_event>
    <type_of_event>TASK_ACTIVATION</type_of_event>
    <activation_task ref="id_31">
    </activation_task>
   </time_unit_event>
   <time_unit>18</time_unit>
   <time_unit_event>
    <type_of_event>START_OF_TASK_CAPACITY</type_of_event>
    <start_task ref="id_5">
    </start_task>
   </time_unit_event>
   <time_unit>18</time_unit>
   <time_unit_event>
    <type_of_event>RUNNING_TASK</type_of_event>
    <running_core>core1</running_core>
    <running_task ref="id_5">
    </running_task>
    <current_priority>3</current_priority>
   </time_unit_event>
   <time_unit>19</time_unit>
   <time_unit_event>
    <type_of_event>RUNNING_TASK</type_of_event>
    <running_core>core1</running_core>
    <running_task ref="id_5">
    </running_task>
    <current_priority>3</current_priority>
   </time_unit_event>
   <time_unit>20</time_unit>
   <time_unit_event>
    <type_of_event>END_OF_TASK_CAPACITY</type_of_event>
    <end_task ref="id_5">
    </end_task>
   </time_unit_event>
   <time_unit>24</time_unit>
   <time_unit_event>
    <type_of_event>TASK_ACTIVATION</type_of_event>
    <activation_task ref="id_5">
    </activation_task>
   </time_unit_event>
   <time_unit>20</time_unit>
   <time_unit_event>
    <type_of_event>RUNNING_TASK</type_of_event>
    <running_core>core1</running_core>
    <running_task ref="id_6">
    </running_task>
    <current_priority>1</current_priority>
   </time_unit_event>
   <time_unit>21</time_unit>
   <time_unit_event>
    <type_of_event>RUNNING_TASK</type_of_event>
    <running_core>core1</running_core>
    <running_task ref="id_6">
    </running_task>
    <current_priority>1</current_priority>
   </time_unit_event>
   <time_unit>22</time_unit>
   <time_unit_event>
    <type_of_event>RUNNING_TASK</type_of_event>
    <running_core>core1</running_core>
    <running_task ref="id_6">
    </running_task>
    <current_priority>1</current_priority>
   </time_unit_event>
   <time_unit>23</time_unit>
   <time_unit_event>
    <type_of_event>RUNNING_TASK</type_of_event>
    <running_core>core1</running_core>
    <running_task ref="id_6">
    </running_task>
    <current_priority>1</current_priority>
   </time_unit_event>
   <time_unit>24</time_unit>
   <time_unit_event>
    <type_of_event>END_OF_TASK_CAPACITY</type_of_event>
    <end_task ref="id_6">
    </end_task>
   </time_unit_event>
   <time_unit>24</time_unit>
   <time_unit_event>
    <type_of_event>TASK_ACTIVATION</type_of_event>
    <activation_task ref="id_6">
    </activation_task>
   </time_unit_event>
  </result>
 </scheduling_result>
</event_table>
